resident_id,address,latitude,longitude,geocode_status
P0001,架空住所0001,26.089191,127.717927,matched
P0002,架空住所0002,26.082863,127.730815,matched
P0003,架空住所0003,26.093654,127.719108,matched
P0004,架空住所0004,26.113601,127.712738,matched
P0005,架空住所0005,26.127090,127.643465,matched
P0006,架空住所0006,26.125481,127.735884,matched
P0007,架空住所0007,26.137450,127.696662,matched
P0008,架空住所0008,26.159344,127.640873,matched
P0009,架空住所0009,26.139154,127.646182,matched
P0010,架空住所0010,26.087678,127.677446,matched
P0011,架空住所0011,26.136350,127.680383,matched
P0012,架空住所0012,26.124287,127.719966,matched
P0013,架空住所0013,26.142697,127.662884,matched
P0014,架空住所0014,26.113936,127.671725,matched
P0015,架空住所0015,26.156926,127.636391,matched
P0016,架空住所0016,26.156607,127.684233,matched
P0017,架空住所0017,26.132881,127.672742,matched
P0018,架空住所0018,26.107592,127.686619,matched
P0019,架空住所0019,26.102248,127.719095,matched
P0020,架空住所0020,26.087540,127.684994,matched
P0021,架空住所0021,26.118266,127.681842,matched
P0022,架空住所0022,26.149975,127.693180,matched
P0023,架空住所0023,26.101719,127.696046,matched
P0024,架空住所0024,26.150513,127.721849,matched
P0025,架空住所0025,26.081676,127.669132,matched
P0026,架空住所0026,26.087515,127.704267,matched
P0027,架空住所0027,26.144493,127.711677,matched
P0028,架空住所0028,26.090730,127.683600,matched
P0029,架空住所0029,26.105449,127.673454,matched
P0030,架空住所0030,26.121344,127.748400,matched
P0031,架空住所0031,26.093222,127.630191,matched
P0032,架空住所0032,26.088054,127.649736,matched
P0033,架空住所0033,26.134336,127.735338,matched
P0034,架空住所0034,26.135839,127.710181,matched
P0035,架空住所0035,26.116260,127.681792,matched
P0036,架空住所0036,26.156978,127.653007,matched
P0037,架空住所0037,26.111556,127.676747,matched
P0038,架空住所0038,26.155808,127.707010,matched
P0039,架空住所0039,26.122183,127.726214,matched
P0040,架空住所0040,26.126116,127.657666,matched
P0041,架空住所0041,26.137844,127.662612,matched
P0042,架空住所0042,26.131840,127.707767,matched
P0043,架空住所0043,26.104074,127.655604,matched
P0044,架空住所0044,26.127469,127.639296,matched
P0045,架空住所0045,26.135295,127.743357,matched
P0046,架空住所0046,26.154724,127.696537,matched
P0047,架空住所0047,26.105824,127.730491,matched
P0048,架空住所0048,26.112143,127.653733,matched
P0049,架空住所0049,26.125583,127.679694,matched
P0050,架空住所0050,26.155108,127.713771,matched
P0051,架空住所0051,26.107680,127.648348,matched
P0052,架空住所0052,26.147049,127.631346,matched
P0053,架空住所0053,26.147246,127.668842,matched
P0054,架空住所0054,26.122873,127.683148,matched
P0055,架空住所0055,26.084375,127.740953,matched
P0056,架空住所0056,26.132555,127.661324,matched
P0057,架空住所0057,26.143244,127.734166,matched
P0058,架空住所0058,26.144266,127.695388,matched
P0059,架空住所0059,26.127675,127.681143,matched
P0060,架空住所0060,26.090998,127.668796,matched
P0061,架空住所0061,26.110896,127.700547,matched
P0062,架空住所0062,26.128733,127.679069,matched
P0063,架空住所0063,26.083817,127.671490,matched
P0064,架空住所0064,26.085699,127.679107,matched
P0065,架空住所0065,26.083464,127.695699,matched
P0066,架空住所0066,26.088652,127.691732,matched
P0067,架空住所0067,26.140656,127.703982,matched
P0068,架空住所0068,26.148033,127.650824,matched
P0069,架空住所0069,26.113764,127.743755,matched
P0070,架空住所0070,26.152575,127.635928,matched
P0071,架空住所0071,26.126383,127.688715,matched
P0072,架空住所0072,26.108061,127.726102,matched
P0073,架空住所0073,26.140945,127.674681,matched
P0074,架空住所0074,26.157762,127.720873,matched
P0075,架空住所0075,26.141269,127.641827,matched
P0076,架空住所0076,26.107956,127.741326,matched
P0077,架空住所0077,26.123388,127.694704,matched
P0078,架空住所0078,26.117916,127.673820,matched
P0079,架空住所0079,26.100902,127.698871,matched
P0080,架空住所0080,26.134620,127.635351,matched
P0081,架空住所0081,26.095235,127.720958,matched
P0082,架空住所0082,26.095298,127.677776,matched
P0083,架空住所0083,26.146598,127.747555,matched
P0084,架空住所0084,26.127106,127.696442,matched
P0085,架空住所0085,26.129395,127.749600,matched
P0086,架空住所0086,26.144530,127.636777,matched
P0087,架空住所0087,26.090733,127.658850,matched
P0088,架空住所0088,26.155339,127.673239,matched
P0089,架空住所0089,26.103071,127.682031,matched
P0090,架空住所0090,26.158189,127.659472,matched
P0091,架空住所0091,26.138735,127.720186,matched
P0092,架空住所0092,26.153946,127.749156,matched
P0093,架空住所0093,26.099035,127.719834,matched
P0094,架空住所0094,26.148308,127.635410,matched
P0095,架空住所0095,26.124404,127.733736,matched
P0096,架空住所0096,26.151662,127.631120,matched
P0097,架空住所0097,26.153619,127.698385,matched
P0098,架空住所0098,26.107991,127.638221,matched
P0099,架空住所0099,26.099671,127.732866,matched
P0100,架空住所0100,26.111683,127.690444,matched
P0101,架空住所0101,26.146271,127.632402,matched
P0102,架空住所0102,26.088349,127.677493,matched
P0103,架空住所0103,26.096766,127.684236,matched
P0104,架空住所0104,26.088970,127.636796,matched
P0105,架空住所0105,26.133617,127.648218,matched
P0106,架空住所0106,26.105288,127.661426,matched
P0107,架空住所0107,26.116041,127.724763,matched
P0108,架空住所0108,26.138383,127.710917,matched
P0109,架空住所0109,26.106476,127.658252,matched
P0110,架空住所0110,26.154066,127.689599,matched
P0111,架空住所0111,26.110080,127.723502,matched
P0112,架空住所0112,26.088845,127.683728,matched
P0113,架空住所0113,26.107205,127.716377,matched
P0114,架空住所0114,26.090442,127.729983,matched
P0115,架空住所0115,26.126194,127.700330,matched
P0116,架空住所0116,26.100611,127.740947,matched
P0117,架空住所0117,26.125412,127.739454,matched
P0118,架空住所0118,26.092012,127.653297,matched
P0119,架空住所0119,26.108905,127.675658,matched
P0120,架空住所0120,26.148297,127.738899,matched
P0121,架空住所0121,26.112475,127.675347,matched
P0122,架空住所0122,26.095725,127.683477,matched
P0123,架空住所0123,26.082176,127.733887,matched
P0124,架空住所0124,26.084766,127.706892,matched
P0125,架空住所0125,26.139261,127.661150,matched
P0126,架空住所0126,26.113883,127.652772,matched
P0127,架空住所0127,26.156815,127.731219,matched
P0128,架空住所0128,26.131712,127.674398,matched
P0129,架空住所0129,26.144945,127.711722,matched
P0130,架空住所0130,26.095012,127.729591,matched
P0131,架空住所0131,26.113122,127.635290,matched
P0132,架空住所0132,26.136252,127.649051,matched
P0133,架空住所0133,26.102044,127.741794,matched
P0134,架空住所0134,26.080620,127.703386,matched
P0135,架空住所0135,26.139319,127.698080,matched
P0136,架空住所0136,26.116833,127.727947,matched
P0137,架空住所0137,26.146250,127.663130,matched
P0138,架空住所0138,26.117707,127.742657,matched
P0139,架空住所0139,26.154628,127.648903,matched
P0140,架空住所0140,26.150402,127.639563,matched
P0141,架空住所0141,26.141610,127.693498,matched
P0142,架空住所0142,26.099186,127.738074,matched
P0143,架空住所0143,26.089879,127.671698,matched
P0144,架空住所0144,26.132783,127.739254,matched
P0145,架空住所0145,26.150371,127.726855,matched
P0146,架空住所0146,26.131845,127.698023,matched
P0147,架空住所0147,26.095756,127.713993,matched
P0148,架空住所0148,26.149435,127.709792,matched
P0149,架空住所0149,26.102060,127.644138,matched
P0150,架空住所0150,26.086893,127.665414,matched
P0151,架空住所0151,26.127827,127.652027,matched
P0152,架空住所0152,26.132295,127.633598,matched
P0153,架空住所0153,26.103297,127.731870,matched
P0154,架空住所0154,26.080231,127.731015,matched
P0155,架空住所0155,26.099428,127.726519,matched
P0156,架空住所0156,26.124469,127.687812,matched
P0157,架空住所0157,26.125894,127.651245,matched
P0158,架空住所0158,26.112176,127.695176,matched
P0159,架空住所0159,26.096104,127.655126,matched
P0160,架空住所0160,26.099409,127.736152,matched
P0161,架空住所0161,26.115651,127.686578,matched
P0162,架空住所0162,26.101507,127.670046,matched
P0163,架空住所0163,26.090312,127.644563,matched
P0164,架空住所0164,26.092157,127.662782,matched
P0165,架空住所0165,26.080909,127.660429,matched
P0166,架空住所0166,26.148360,127.641274,matched
P0167,架空住所0167,26.140116,127.706092,matched
P0168,架空住所0168,26.085938,127.686505,matched
P0169,架空住所0169,26.147262,127.676261,matched
P0170,架空住所0170,26.084182,127.737215,matched
P0171,架空住所0171,26.147807,127.654321,matched
P0172,架空住所0172,26.135642,127.732675,matched
P0173,架空住所0173,26.106878,127.698306,matched
P0174,架空住所0174,26.152661,127.748650,matched
P0175,架空住所0175,26.119869,127.639244,matched
P0176,架空住所0176,26.086804,127.745466,matched
P0177,架空住所0177,26.103706,127.666339,matched
P0178,架空住所0178,26.083527,127.685001,matched
P0179,架空住所0179,26.152580,127.740092,matched
P0180,架空住所0180,26.132535,127.745511,matched
P0181,架空住所0181,26.145194,127.664388,matched
P0182,架空住所0182,26.112467,127.705121,matched
P0183,架空住所0183,26.137611,127.680159,matched
P0184,架空住所0184,26.124032,127.742606,matched
P0185,架空住所0185,26.138875,127.646980,matched
P0186,架空住所0186,26.085084,127.744068,matched
P0187,架空住所0187,26.116435,127.718435,matched
P0188,架空住所0188,26.102723,127.688820,matched
P0189,架空住所0189,26.145315,127.655753,matched
P0190,架空住所0190,26.141780,127.639728,matched
P0191,架空住所0191,26.084629,127.713539,matched
P0192,架空住所0192,26.107728,127.662907,matched
P0193,架空住所0193,26.125587,127.737069,matched
P0194,架空住所0194,26.133209,127.723885,matched
P0195,架空住所0195,26.105644,127.741674,matched
P0196,架空住所0196,26.085317,127.701091,matched
P0197,架空住所0197,26.086889,127.734011,matched
P0198,架空住所0198,26.147166,127.701129,matched
P0199,架空住所0199,26.100153,127.666952,matched
P0200,架空住所0200,26.102611,127.647579,matched
P0201,架空住所0201,26.107621,127.651059,matched
P0202,架空住所0202,26.119895,127.708247,matched
P0203,架空住所0203,26.142774,127.714022,matched
P0204,架空住所0204,26.114032,127.696136,matched
P0205,架空住所0205,26.104006,127.655820,matched
P0206,架空住所0206,26.089367,127.668794,matched
P0207,架空住所0207,26.107866,127.713099,matched
P0208,架空住所0208,26.114488,127.656128,matched
P0209,架空住所0209,26.122354,127.690599,matched
P0210,架空住所0210,26.143889,127.658776,matched
P0211,架空住所0211,26.087414,127.733830,matched
P0212,架空住所0212,26.131421,127.655936,matched
P0213,架空住所0213,26.150088,127.710316,matched
P0214,架空住所0214,26.124192,127.638852,matched
P0215,架空住所0215,26.117326,127.673801,matched
P0216,架空住所0216,26.104034,127.660381,matched
P0217,架空住所0217,26.105628,127.679762,matched
P0218,架空住所0218,26.093398,127.724205,matched
P0219,架空住所0219,26.101956,127.666006,matched
P0220,架空住所0220,26.089617,127.646254,matched
P0221,架空住所0221,26.128210,127.652233,matched
P0222,架空住所0222,26.080700,127.668330,matched
P0223,架空住所0223,26.093198,127.655029,matched
P0224,架空住所0224,26.102488,127.745733,matched
P0225,架空住所0225,26.081548,127.718213,matched
P0226,架空住所0226,26.145806,127.730554,matched
P0227,架空住所0227,26.091379,127.655966,matched
P0228,架空住所0228,26.086666,127.736905,matched
P0229,架空住所0229,26.151268,127.639989,matched
P0230,架空住所0230,26.136990,127.708519,matched
P0231,架空住所0231,26.102321,127.684957,matched
P0232,架空住所0232,26.097740,127.717990,matched
P0233,架空住所0233,26.109079,127.673198,matched
P0234,架空住所0234,26.153113,127.712838,matched
P0235,架空住所0235,26.102560,127.698692,matched
P0236,架空住所0236,26.145163,127.689278,matched
P0237,架空住所0237,26.084816,127.734781,matched
P0238,架空住所0238,26.083696,127.724362,matched
P0239,架空住所0239,26.083473,127.715197,matched
P0240,架空住所0240,26.094541,127.712260,matched
P0241,架空住所0241,26.084576,127.634914,matched
P0242,架空住所0242,26.096494,127.634706,matched
P0243,架空住所0243,26.151413,127.709131,matched
P0244,架空住所0244,26.114841,127.727452,matched
P0245,架空住所0245,26.143753,127.712377,matched
P0246,架空住所0246,26.127687,127.710136,matched
P0247,架空住所0247,26.126150,127.688335,matched
P0248,架空住所0248,26.107485,127.677992,matched
P0249,架空住所0249,26.117036,127.725703,matched
P0250,架空住所0250,26.146131,127.660565,matched
P0251,架空住所0251,26.145998,127.720147,matched
P0252,架空住所0252,26.086731,127.672369,matched
P0253,架空住所0253,26.130517,127.643752,matched
P0254,架空住所0254,26.096744,127.675567,matched
P0255,架空住所0255,26.152387,127.647725,matched
P0256,架空住所0256,26.150122,127.643548,matched
P0257,架空住所0257,26.124875,127.706014,matched
P0258,架空住所0258,26.108659,127.694777,matched
P0259,架空住所0259,26.081303,127.733749,matched
P0260,架空住所0260,26.123196,127.723451,matched
P0261,架空住所0261,26.108190,127.634004,matched
P0262,架空住所0262,26.102563,127.682516,matched
P0263,架空住所0263,26.115210,127.644258,matched
P0264,架空住所0264,26.129654,127.679175,matched
P0265,架空住所0265,26.135059,127.653441,matched
P0266,架空住所0266,26.155570,127.746521,matched
P0267,架空住所0267,26.154377,127.723810,matched
P0268,架空住所0268,26.102082,127.710106,matched
P0269,架空住所0269,26.147166,127.672172,matched
P0270,架空住所0270,26.138101,127.748019,matched
P0271,架空住所0271,26.118190,127.694448,matched
P0272,架空住所0272,26.137369,127.641620,matched
P0273,架空住所0273,26.150696,127.653534,matched
P0274,架空住所0274,26.123801,127.642528,matched
P0275,架空住所0275,26.136030,127.631872,matched
P0276,架空住所0276,26.091423,127.744515,matched
P0277,架空住所0277,26.111286,127.705136,matched
P0278,架空住所0278,26.098327,127.743443,matched
P0279,架空住所0279,26.159398,127.712448,matched
P0280,架空住所0280,26.094610,127.675270,matched
P0281,架空住所0281,26.133748,127.666925,matched
P0282,架空住所0282,26.113910,127.690085,matched
P0283,架空住所0283,26.117770,127.635437,matched
P0284,架空住所0284,26.152992,127.655663,matched
P0285,架空住所0285,26.158690,127.704737,matched
P0286,架空住所0286,26.136159,127.686860,matched
P0287,架空住所0287,26.098711,127.639921,matched
P0288,架空住所0288,26.112917,127.740562,matched
P0289,架空住所0289,26.111250,127.676810,matched
P0290,架空住所0290,26.101941,127.684261,matched
P0291,架空住所0291,26.144893,127.716350,matched
P0292,架空住所0292,26.086654,127.675072,matched
P0293,架空住所0293,26.120654,127.722474,matched
P0294,架空住所0294,26.111262,127.747934,matched
P0295,架空住所0295,26.098457,127.746386,matched
P0296,架空住所0296,26.119616,127.714846,matched
P0297,架空住所0297,26.114838,127.679164,matched
P0298,架空住所0298,26.082138,127.734319,matched
P0299,架空住所0299,26.093116,127.666853,matched
P0300,架空住所0300,26.158939,127.683729,matched
P0301,架空住所0301,26.113413,127.691588,matched
P0302,架空住所0302,26.140457,127.675383,matched
P0303,架空住所0303,26.131992,127.651269,matched
P0304,架空住所0304,26.153754,127.742557,matched
P0305,架空住所0305,26.092164,127.716545,matched
P0306,架空住所0306,26.109589,127.657535,matched
P0307,架空住所0307,26.099468,127.661717,matched
P0308,架空住所0308,26.106520,127.702904,matched
P0309,架空住所0309,26.148625,127.725407,matched
P0310,架空住所0310,26.141780,127.680263,matched
P0311,架空住所0311,26.091532,127.694746,matched
P0312,架空住所0312,26.087579,127.697484,matched
P0313,架空住所0313,26.140636,127.688236,matched
P0314,架空住所0314,26.101139,127.733695,matched
P0315,架空住所0315,26.111761,127.639013,matched
P0316,架空住所0316,26.137355,127.667607,matched
P0317,架空住所0317,26.154836,127.702721,matched
P0318,架空住所0318,26.092418,127.691492,matched
P0319,架空住所0319,26.121499,127.711108,matched
P0320,架空住所0320,26.138516,127.748040,matched
P0321,架空住所0321,26.135826,127.730436,matched
P0322,架空住所0322,26.101922,127.666822,matched
P0323,架空住所0323,26.140487,127.737560,matched
P0324,架空住所0324,26.102197,127.674796,matched
P0325,架空住所0325,26.107746,127.639811,matched
P0326,架空住所0326,26.149129,127.697056,matched
P0327,架空住所0327,26.144121,127.745832,matched
P0328,架空住所0328,26.099862,127.634078,matched
P0329,架空住所0329,26.100821,127.677952,matched
P0330,架空住所0330,26.110046,127.729090,matched
P0331,架空住所0331,26.091160,127.661277,matched
P0332,架空住所0332,26.140440,127.691614,matched
P0333,架空住所0333,26.131211,127.748960,matched
P0334,架空住所0334,26.153568,127.716887,matched
P0335,架空住所0335,26.147445,127.741283,matched
P0336,架空住所0336,26.136211,127.666429,matched
P0337,架空住所0337,26.106289,127.740035,matched
P0338,架空住所0338,26.116275,127.649508,matched
P0339,架空住所0339,26.085619,127.675914,matched
P0340,架空住所0340,26.113677,127.728698,matched
P0341,架空住所0341,26.152414,127.743684,matched
P0342,架空住所0342,26.122356,127.703513,matched
P0343,架空住所0343,26.152865,127.728751,matched
P0344,架空住所0344,26.124617,127.687166,matched
P0345,架空住所0345,26.110736,127.731076,matched
P0346,架空住所0346,26.113648,127.687135,matched
P0347,架空住所0347,26.089710,127.665737,matched
P0348,架空住所0348,26.134175,127.685321,matched
P0349,架空住所0349,26.111831,127.663302,matched
P0350,架空住所0350,26.130983,127.660557,matched
P0351,架空住所0351,26.091905,127.662181,matched
P0352,架空住所0352,26.150763,127.681161,matched
P0353,架空住所0353,26.104429,127.715709,matched
P0354,架空住所0354,26.105277,127.727748,matched
P0355,架空住所0355,26.157463,127.699759,matched
P0356,架空住所0356,26.150772,127.727962,matched
P0357,架空住所0357,26.123594,127.648105,matched
P0358,架空住所0358,26.142168,127.684758,matched
P0359,架空住所0359,26.083992,127.683417,matched
P0360,架空住所0360,26.113633,127.656945,matched
P0361,架空住所0361,26.159276,127.741147,matched
P0362,架空住所0362,26.122053,127.697904,matched
P0363,架空住所0363,26.139123,127.640104,matched
P0364,架空住所0364,26.121650,127.706988,matched
P0365,架空住所0365,26.110737,127.676074,matched
P0366,架空住所0366,26.141555,127.650013,matched
P0367,架空住所0367,26.156866,127.686935,matched
P0368,架空住所0368,26.115371,127.749791,matched
P0369,架空住所0369,26.120876,127.710423,matched
P0370,架空住所0370,26.148072,127.691496,matched
P0371,架空住所0371,26.139491,127.653554,matched
P0372,架空住所0372,26.127639,127.687660,matched
P0373,架空住所0373,26.140907,127.645503,matched
P0374,架空住所0374,26.094798,127.712389,matched
P0375,架空住所0375,26.113937,127.698574,matched
P0376,架空住所0376,26.153411,127.635045,matched
P0377,架空住所0377,26.100911,127.699765,matched
P0378,架空住所0378,26.125291,127.680432,matched
P0379,架空住所0379,26.090086,127.661936,matched
P0380,架空住所0380,26.105539,127.682594,matched
P0381,架空住所0381,26.108373,127.669206,matched
P0382,架空住所0382,26.121090,127.684382,matched
P0383,架空住所0383,26.087082,127.699747,matched
P0384,架空住所0384,26.096589,127.737901,matched
P0385,架空住所0385,26.118885,127.716560,matched
P0386,架空住所0386,26.120712,127.674669,matched
P0387,架空住所0387,26.085080,127.643059,matched
P0388,架空住所0388,26.131688,127.659340,matched
P0389,架空住所0389,26.118165,127.709434,matched
P0390,架空住所0390,26.159712,127.672949,matched
P0391,架空住所0391,26.090690,127.746916,matched
P0392,架空住所0392,26.099367,127.707975,matched
P0393,架空住所0393,26.153678,127.716229,matched
P0394,架空住所0394,26.096641,127.722478,matched
P0395,架空住所0395,26.154569,127.701208,matched
P0396,架空住所0396,26.154242,127.688868,matched
P0397,架空住所0397,26.150958,127.726047,matched
P0398,架空住所0398,26.133293,127.738460,matched
P0399,架空住所0399,26.101391,127.635943,matched
P0400,架空住所0400,26.092698,127.668610,matched
P0401,架空住所0401,26.089652,127.746937,matched
P0402,架空住所0402,26.125589,127.713455,matched
P0403,架空住所0403,26.087232,127.692401,matched
P0404,架空住所0404,26.113407,127.722481,matched
P0405,架空住所0405,26.144375,127.722357,matched
P0406,架空住所0406,26.102537,127.741110,matched
P0407,架空住所0407,26.133329,127.741435,matched
P0408,架空住所0408,26.113332,127.691382,matched
P0409,架空住所0409,26.114688,127.660109,matched
P0410,架空住所0410,26.101729,127.646409,matched
P0411,架空住所0411,26.142166,127.677871,matched
P0412,架空住所0412,26.105164,127.633264,matched
P0413,架空住所0413,26.141999,127.699454,matched
P0414,架空住所0414,26.107390,127.711183,matched
P0415,架空住所0415,26.125206,127.666491,matched
P0416,架空住所0416,26.147954,127.644577,matched
P0417,架空住所0417,26.146670,127.737898,matched
P0418,架空住所0418,26.092843,127.715261,matched
P0419,架空住所0419,26.147070,127.664870,matched
P0420,架空住所0420,26.128345,127.733601,matched
P0421,架空住所0421,26.109905,127.694951,matched
P0422,架空住所0422,26.088831,127.659931,matched
P0423,架空住所0423,26.100310,127.699898,matched
P0424,架空住所0424,26.122791,127.695143,matched
P0425,架空住所0425,26.105339,127.682345,matched
P0426,架空住所0426,26.080790,127.675150,matched
P0427,架空住所0427,26.146026,127.691335,matched
P0428,架空住所0428,26.135159,127.721560,matched
P0429,架空住所0429,26.117087,127.692740,matched
P0430,架空住所0430,26.150091,127.670465,matched
P0431,架空住所0431,26.124136,127.703324,matched
P0432,架空住所0432,26.086495,127.698435,matched
P0433,架空住所0433,26.097129,127.742480,matched
P0434,架空住所0434,26.105751,127.632438,matched
P0435,架空住所0435,26.095018,127.636556,matched
P0436,架空住所0436,26.137437,127.664304,matched
P0437,架空住所0437,26.138205,127.717142,matched
P0438,架空住所0438,26.102117,127.638632,matched
P0439,架空住所0439,26.108371,127.681868,matched
P0440,架空住所0440,26.151953,127.728719,matched
P0441,架空住所0441,26.142315,127.741569,matched
P0442,架空住所0442,26.108674,127.666699,matched
P0443,架空住所0443,26.123583,127.661795,matched
P0444,架空住所0444,26.080040,127.681158,matched
P0445,架空住所0445,26.100114,127.631875,matched
P0446,架空住所0446,26.143179,127.691105,matched
P0447,架空住所0447,26.106603,127.671134,matched
P0448,架空住所0448,26.109413,127.635239,matched
P0449,架空住所0449,26.116344,127.652305,matched
P0450,架空住所0450,26.112865,127.728440,matched
P0451,架空住所0451,26.143755,127.666596,matched
P0452,架空住所0452,26.147884,127.742685,matched
P0453,架空住所0453,26.097680,127.672808,matched
P0454,架空住所0454,26.121245,127.647084,matched
P0455,架空住所0455,26.116157,127.748344,matched
P0456,架空住所0456,26.111677,127.687149,matched
P0457,架空住所0457,26.116161,127.646993,matched
P0458,架空住所0458,26.123343,127.677070,matched
P0459,架空住所0459,26.145739,127.632997,matched
P0460,架空住所0460,26.151921,127.726603,matched
P0461,架空住所0461,26.121797,127.680775,matched
P0462,架空住所0462,26.130028,127.669754,matched
P0463,架空住所0463,26.138873,127.705958,matched
P0464,架空住所0464,26.118572,127.680359,matched
P0465,架空住所0465,26.159839,127.702770,matched
P0466,架空住所0466,26.148798,127.681513,matched
P0467,架空住所0467,26.085519,127.677846,matched
P0468,架空住所0468,26.090657,127.703539,matched
P0469,架空住所0469,26.082895,127.709613,matched
P0470,架空住所0470,26.135430,127.644260,matched
P0471,架空住所0471,26.135166,127.725859,matched
P0472,架空住所0472,26.136530,127.747036,matched
P0473,架空住所0473,26.101954,127.643196,matched
P0474,架空住所0474,26.130426,127.666744,matched
P0475,架空住所0475,26.081911,127.659471,matched
P0476,架空住所0476,26.144354,127.740908,matched
P0477,架空住所0477,26.121580,127.641870,matched
P0478,架空住所0478,26.109017,127.720594,matched
P0479,架空住所0479,26.097512,127.726345,matched
P0480,架空住所0480,26.087491,127.674667,matched
P0481,架空住所0481,26.140734,127.739607,matched
P0482,架空住所0482,26.089696,127.738382,matched
P0483,架空住所0483,26.152144,127.681173,matched
P0484,架空住所0484,26.116178,127.718748,matched
P0485,架空住所0485,26.085914,127.714711,matched
P0486,架空住所0486,26.105326,127.684809,matched
P0487,架空住所0487,26.140892,127.654202,matched
P0488,架空住所0488,26.107442,127.643309,matched
P0489,架空住所0489,26.156366,127.707309,matched
P0490,架空住所0490,26.120231,127.636297,matched
P0491,架空住所0491,26.141971,127.663995,matched
P0492,架空住所0492,26.134269,127.692192,matched
P0493,架空住所0493,26.155626,127.726297,matched
P0494,架空住所0494,26.111073,127.695221,matched
P0495,架空住所0495,26.127303,127.736671,matched
P0496,架空住所0496,26.122428,127.733153,matched
P0497,架空住所0497,26.090695,127.696358,matched
P0498,架空住所0498,26.099287,127.702419,matched
P0499,架空住所0499,26.096648,127.740908,matched
P0500,架空住所0500,26.107216,127.656673,matched
P0501,架空住所0501,26.108554,127.672462,matched
P0502,架空住所0502,26.103325,127.678521,matched
P0503,架空住所0503,26.088477,127.665791,matched
P0504,架空住所0504,26.130217,127.740747,matched
P0505,架空住所0505,26.128918,127.729071,matched
P0506,架空住所0506,26.147585,127.714753,matched
P0507,架空住所0507,26.130087,127.702381,matched
P0508,架空住所0508,26.110538,127.668052,matched
P0509,架空住所0509,26.131443,127.708755,matched
P0510,架空住所0510,26.146969,127.722206,matched
P0511,架空住所0511,26.099624,127.717354,matched
P0512,架空住所0512,26.157143,127.712277,matched
P0513,架空住所0513,26.087372,127.675022,matched
P0514,架空住所0514,26.098323,127.738889,matched
P0515,架空住所0515,26.094329,127.632234,matched
P0516,架空住所0516,26.141801,127.674375,matched
P0517,架空住所0517,26.154710,127.646072,matched
P0518,架空住所0518,26.116458,127.710221,matched
P0519,架空住所0519,26.159170,127.693114,matched
P0520,架空住所0520,26.110809,127.683732,matched
P0521,架空住所0521,26.144058,127.681635,matched
P0522,架空住所0522,26.138770,127.740506,matched
P0523,架空住所0523,26.090583,127.694828,matched
P0524,架空住所0524,26.099219,127.634923,matched
P0525,架空住所0525,26.085166,127.714505,matched
P0526,架空住所0526,26.131194,127.639949,matched
P0527,架空住所0527,26.114941,127.721670,matched
P0528,架空住所0528,26.124804,127.632911,matched
P0529,架空住所0529,26.109351,127.647085,matched
P0530,架空住所0530,26.101753,127.641346,matched
P0531,架空住所0531,26.120207,127.731872,matched
P0532,架空住所0532,26.104328,127.731701,matched
P0533,架空住所0533,26.097131,127.676640,matched
P0534,架空住所0534,26.129631,127.747892,matched
P0535,架空住所0535,26.099437,127.669060,matched
P0536,架空住所0536,26.083256,127.728122,matched
P0537,架空住所0537,26.127560,127.638676,matched
P0538,架空住所0538,26.155114,127.682881,matched
P0539,架空住所0539,26.151322,127.680674,matched
P0540,架空住所0540,26.100871,127.655687,matched
P0541,架空住所0541,26.104055,127.696605,matched
P0542,架空住所0542,26.151968,127.723735,matched
P0543,架空住所0543,26.101904,127.746006,matched
P0544,架空住所0544,26.155284,127.635267,matched
P0545,架空住所0545,26.140796,127.707397,matched
P0546,架空住所0546,26.102530,127.645724,matched
P0547,架空住所0547,26.125298,127.723751,matched
P0548,架空住所0548,26.158825,127.677892,matched
P0549,架空住所0549,26.089841,127.733069,matched
P0550,架空住所0550,26.107957,127.651091,matched
P0551,架空住所0551,26.094013,127.650921,matched
P0552,架空住所0552,26.109814,127.718497,matched
P0553,架空住所0553,26.120092,127.679700,matched
P0554,架空住所0554,26.090869,127.711715,matched
P0555,架空住所0555,26.112685,127.672541,matched
P0556,架空住所0556,26.096306,127.747436,matched
P0557,架空住所0557,26.096883,127.640205,matched
P0558,架空住所0558,26.130311,127.650813,matched
P0559,架空住所0559,26.100291,127.734989,matched
P0560,架空住所0560,26.146116,127.706663,matched
P0561,架空住所0561,26.097073,127.661593,matched
P0562,架空住所0562,26.100220,127.668014,matched
P0563,架空住所0563,26.132111,127.630297,matched
P0564,架空住所0564,26.119679,127.675563,matched
P0565,架空住所0565,26.104290,127.674548,matched
P0566,架空住所0566,26.108195,127.669869,matched
P0567,架空住所0567,26.097936,127.708389,matched
P0568,架空住所0568,26.086573,127.663513,matched
P0569,架空住所0569,26.142063,127.651579,matched
P0570,架空住所0570,26.128460,127.645000,matched
P0571,架空住所0571,26.096730,127.721785,matched
P0572,架空住所0572,26.119361,127.633021,matched
P0573,架空住所0573,26.082973,127.696595,matched
P0574,架空住所0574,26.116203,127.713384,matched
P0575,架空住所0575,26.090680,127.721669,matched
P0576,架空住所0576,26.117337,127.632250,matched
P0577,架空住所0577,26.144882,127.745832,matched
P0578,架空住所0578,26.123165,127.705742,matched
P0579,架空住所0579,26.142061,127.645016,matched
P0580,架空住所0580,26.113180,127.691970,matched
P0581,架空住所0581,26.148591,127.647156,matched
P0582,架空住所0582,26.141007,127.738174,matched
P0583,架空住所0583,26.115922,127.681334,matched
P0584,架空住所0584,26.111516,127.680155,matched
P0585,架空住所0585,26.139554,127.635388,matched
P0586,架空住所0586,26.104224,127.722195,matched
P0587,架空住所0587,26.086747,127.637556,matched
P0588,架空住所0588,26.085137,127.639293,matched
P0589,架空住所0589,26.102967,127.647547,matched
P0590,架空住所0590,26.138180,127.662488,matched
P0591,架空住所0591,26.082812,127.727249,matched
P0592,架空住所0592,26.129592,127.655297,matched
P0593,架空住所0593,26.085412,127.739451,matched
P0594,架空住所0594,26.135925,127.678958,matched
P0595,架空住所0595,26.114011,127.695450,matched
P0596,架空住所0596,26.099853,127.739218,matched
P0597,架空住所0597,26.141354,127.663095,matched
P0598,架空住所0598,26.099235,127.665346,matched
P0599,架空住所0599,26.151799,127.648065,matched
P0600,架空住所0600,26.156216,127.718482,matched
P0601,架空住所0601,26.124126,127.743874,matched
P0602,架空住所0602,26.124312,127.700610,matched
P0603,架空住所0603,26.136007,127.701998,matched
P0604,架空住所0604,26.138213,127.724578,matched
P0605,架空住所0605,26.155688,127.652735,matched
P0606,架空住所0606,26.125780,127.672338,matched
P0607,架空住所0607,26.105793,127.701866,matched
P0608,架空住所0608,26.112715,127.647280,matched
P0609,架空住所0609,26.095269,127.672045,matched
P0610,架空住所0610,26.139492,127.733992,matched
P0611,架空住所0611,26.111752,127.676294,matched
P0612,架空住所0612,26.107834,127.711203,matched
P0613,架空住所0613,26.157303,127.649833,matched
P0614,架空住所0614,26.097335,127.711628,matched
P0615,架空住所0615,26.111497,127.734897,matched
P0616,架空住所0616,26.123231,127.730009,matched
P0617,架空住所0617,26.111024,127.678226,matched
P0618,架空住所0618,26.116123,127.700198,matched
P0619,架空住所0619,26.093403,127.637603,matched
P0620,架空住所0620,26.158506,127.689786,matched
P0621,架空住所0621,26.101598,127.630824,matched
P0622,架空住所0622,26.101577,127.743057,matched
P0623,架空住所0623,26.082723,127.710312,matched
P0624,架空住所0624,26.100692,127.712027,matched
P0625,架空住所0625,26.159133,127.632391,matched
P0626,架空住所0626,26.128704,127.716704,matched
P0627,架空住所0627,26.116078,127.745565,matched
P0628,架空住所0628,26.113442,127.651326,matched
P0629,架空住所0629,26.158581,127.695437,matched
P0630,架空住所0630,26.104155,127.651794,matched
P0631,架空住所0631,26.156722,127.635852,matched
P0632,架空住所0632,26.109198,127.734234,matched
P0633,架空住所0633,26.125516,127.698839,matched
P0634,架空住所0634,26.134530,127.684501,matched
P0635,架空住所0635,26.104118,127.736108,matched
P0636,架空住所0636,26.090804,127.649772,matched
P0637,架空住所0637,26.086290,127.685930,matched
P0638,架空住所0638,26.134476,127.684907,matched
P0639,架空住所0639,26.116284,127.671699,matched
P0640,架空住所0640,26.123982,127.654685,matched
P0641,架空住所0641,26.122730,127.723895,matched
P0642,架空住所0642,26.153932,127.676648,matched
P0643,架空住所0643,26.152475,127.637404,matched
P0644,架空住所0644,26.105087,127.676740,matched
P0645,架空住所0645,26.099073,127.729744,matched
P0646,架空住所0646,26.099852,127.633305,matched
P0647,架空住所0647,26.111894,127.736935,matched
P0648,架空住所0648,26.120778,127.746342,matched
P0649,架空住所0649,26.096280,127.631004,matched
P0650,架空住所0650,26.085737,127.707580,matched
P0651,架空住所0651,26.114741,127.649465,matched
P0652,架空住所0652,26.086677,127.698454,matched
P0653,架空住所0653,26.110766,127.709222,matched
P0654,架空住所0654,26.080574,127.695378,matched
P0655,架空住所0655,26.126444,127.743427,matched
P0656,架空住所0656,26.087850,127.697823,matched
P0657,架空住所0657,26.156690,127.685638,matched
P0658,架空住所0658,26.158266,127.690305,matched
P0659,架空住所0659,26.147355,127.652755,matched
P0660,架空住所0660,26.090241,127.678863,matched
P0661,架空住所0661,26.123368,127.726236,matched
P0662,架空住所0662,26.080126,127.666995,matched
P0663,架空住所0663,26.131103,127.747514,matched
P0664,架空住所0664,26.154394,127.665157,matched
P0665,架空住所0665,26.115651,127.706276,matched
P0666,架空住所0666,26.150545,127.631768,matched
P0667,架空住所0667,26.120988,127.651408,matched
P0668,架空住所0668,26.086507,127.644668,matched
P0669,架空住所0669,26.104528,127.668196,matched
P0670,架空住所0670,26.118206,127.736995,matched
P0671,架空住所0671,26.101147,127.748495,matched
P0672,架空住所0672,26.101850,127.638991,matched
P0673,架空住所0673,26.130590,127.715379,matched
P0674,架空住所0674,26.119839,127.728963,matched
P0675,架空住所0675,26.142071,127.636729,matched
P0676,架空住所0676,26.090501,127.693633,matched
P0677,架空住所0677,26.106315,127.729277,matched
P0678,架空住所0678,26.107363,127.719201,matched
P0679,架空住所0679,26.111362,127.746233,matched
P0680,架空住所0680,26.155108,127.687448,matched
P0681,架空住所0681,26.149299,127.679090,matched
P0682,架空住所0682,26.121036,127.711540,matched
P0683,架空住所0683,26.138948,127.666790,matched
P0684,架空住所0684,26.114389,127.653440,matched
P0685,架空住所0685,26.154643,127.640473,matched
P0686,架空住所0686,26.148235,127.652530,matched
P0687,架空住所0687,26.110661,127.666226,matched
P0688,架空住所0688,26.126451,127.733587,matched
P0689,架空住所0689,26.108694,127.743103,matched
P0690,架空住所0690,26.115768,127.639480,matched
P0691,架空住所0691,26.120733,127.741942,matched
P0692,架空住所0692,26.132865,127.728163,matched
P0693,架空住所0693,26.140007,127.689637,matched
P0694,架空住所0694,26.087359,127.680161,matched
P0695,架空住所0695,26.117565,127.634909,matched
P0696,架空住所0696,26.115056,127.671506,matched
P0697,架空住所0697,26.100997,127.744636,matched
P0698,架空住所0698,26.084684,127.650180,matched
P0699,架空住所0699,26.092605,127.686943,matched
P0700,架空住所0700,26.090920,127.649125,matched
P0701,架空住所0701,26.087103,127.740074,matched
P0702,架空住所0702,26.148512,127.733414,matched
P0703,架空住所0703,26.155684,127.681342,matched
P0704,架空住所0704,26.117523,127.748467,matched
P0705,架空住所0705,26.134649,127.684090,matched
P0706,架空住所0706,26.129130,127.670089,matched
P0707,架空住所0707,26.083273,127.662196,matched
P0708,架空住所0708,26.086202,127.639722,matched
P0709,架空住所0709,26.138659,127.727281,matched
P0710,架空住所0710,26.096433,127.645464,matched
P0711,架空住所0711,26.100687,127.710008,matched
P0712,架空住所0712,26.155470,127.702842,matched
P0713,架空住所0713,26.140151,127.733890,matched
P0714,架空住所0714,26.088487,127.727875,matched
P0715,架空住所0715,26.087239,127.654030,matched
P0716,架空住所0716,26.144611,127.658451,matched
P0717,架空住所0717,26.097925,127.740514,matched
P0718,架空住所0718,26.158823,127.738427,matched
P0719,架空住所0719,26.099967,127.701284,matched
P0720,架空住所0720,26.135105,127.674752,matched
P0721,架空住所0721,26.149691,127.686632,matched
P0722,架空住所0722,26.109075,127.671076,matched
P0723,架空住所0723,26.081357,127.640945,matched
P0724,架空住所0724,26.141005,127.690846,matched
P0725,架空住所0725,26.089807,127.736443,matched
P0726,架空住所0726,26.115347,127.665072,matched
P0727,架空住所0727,26.152481,127.675756,matched
P0728,架空住所0728,26.115146,127.742316,matched
P0729,架空住所0729,26.136127,127.701105,matched
P0730,架空住所0730,26.123615,127.677352,matched
P0731,架空住所0731,26.151087,127.731670,matched
P0732,架空住所0732,26.090483,127.684378,matched
P0733,架空住所0733,26.092214,127.704243,matched
P0734,架空住所0734,26.145062,127.718302,matched
P0735,架空住所0735,26.154639,127.647540,matched
P0736,架空住所0736,26.159051,127.726845,matched
P0737,架空住所0737,26.138272,127.711808,matched
P0738,架空住所0738,26.159513,127.689292,matched
P0739,架空住所0739,26.080534,127.713558,matched
P0740,架空住所0740,26.125070,127.646566,matched
P0741,架空住所0741,26.115849,127.674664,matched
P0742,架空住所0742,26.118530,127.694241,matched
P0743,架空住所0743,26.087174,127.644760,matched
P0744,架空住所0744,26.158818,127.706682,matched
P0745,架空住所0745,26.102888,127.723452,matched
P0746,架空住所0746,26.156777,127.694204,matched
P0747,架空住所0747,26.092383,127.633300,matched
P0748,架空住所0748,26.097800,127.708404,matched
P0749,架空住所0749,26.154598,127.649119,matched
P0750,架空住所0750,26.147128,127.745230,matched
P0751,架空住所0751,26.113179,127.641268,matched
P0752,架空住所0752,26.124624,127.718319,matched
P0753,架空住所0753,26.085105,127.690444,matched
P0754,架空住所0754,26.150475,127.649128,matched
P0755,架空住所0755,26.086000,127.738126,matched
P0756,架空住所0756,26.111331,127.642819,matched
P0757,架空住所0757,26.098713,127.749934,matched
P0758,架空住所0758,26.158783,127.739159,matched
P0759,架空住所0759,26.156156,127.695631,matched
P0760,架空住所0760,26.146380,127.735137,matched
P0761,架空住所0761,26.138384,127.744367,matched
P0762,架空住所0762,26.125491,127.654959,matched
P0763,架空住所0763,26.082998,127.715079,matched
P0764,架空住所0764,26.117934,127.721273,matched
P0765,架空住所0765,26.111238,127.708855,matched
P0766,架空住所0766,26.089185,127.678966,matched
P0767,架空住所0767,26.145833,127.654819,matched
P0768,架空住所0768,26.137533,127.733374,matched
P0769,架空住所0769,26.098785,127.649876,matched
P0770,架空住所0770,26.089074,127.692995,matched
P0771,架空住所0771,26.150422,127.736040,matched
P0772,架空住所0772,26.117558,127.705949,matched
P0773,架空住所0773,26.130614,127.707957,matched
P0774,架空住所0774,26.097128,127.641926,matched
P0775,架空住所0775,26.108587,127.677369,matched
P0776,架空住所0776,26.092602,127.693441,matched
P0777,架空住所0777,26.099435,127.671418,matched
P0778,架空住所0778,26.106370,127.698885,matched
P0779,架空住所0779,26.122120,127.744382,matched
P0780,架空住所0780,26.081868,127.645141,matched
P0781,架空住所0781,26.117173,127.685777,matched
P0782,架空住所0782,26.150290,127.707949,matched
P0783,架空住所0783,26.092424,127.730032,matched
P0784,架空住所0784,26.125308,127.684923,matched
P0785,架空住所0785,26.134215,127.742193,matched
P0786,架空住所0786,26.135469,127.719732,matched
P0787,架空住所0787,26.093233,127.639927,matched
P0788,架空住所0788,26.155841,127.644020,matched
P0789,架空住所0789,26.080152,127.689773,matched
P0790,架空住所0790,26.125737,127.646064,matched
P0791,架空住所0791,26.139431,127.637113,matched
P0792,架空住所0792,26.122115,127.732502,matched
P0793,架空住所0793,26.124954,127.733898,matched
P0794,架空住所0794,26.115040,127.693958,matched
P0795,架空住所0795,26.101895,127.737585,matched
P0796,架空住所0796,26.087604,127.736280,matched
P0797,架空住所0797,26.134185,127.633033,matched
P0798,架空住所0798,26.152950,127.650724,matched
P0799,架空住所0799,26.088032,127.748834,matched
P0800,架空住所0800,26.144102,127.718237,matched
P0801,架空住所0801,26.088741,127.676372,matched
P0802,架空住所0802,26.100807,127.654939,matched
P0803,架空住所0803,26.097437,127.633350,matched
P0804,架空住所0804,26.115177,127.708072,matched
P0805,架空住所0805,26.090058,127.632657,matched
P0806,架空住所0806,26.126987,127.669401,matched
P0807,架空住所0807,26.152752,127.683797,matched
P0808,架空住所0808,26.153483,127.735245,matched
P0809,架空住所0809,26.097091,127.693983,matched
P0810,架空住所0810,26.093181,127.708016,matched
P0811,架空住所0811,26.104588,127.653768,matched
P0812,架空住所0812,26.131980,127.692897,matched
P0813,架空住所0813,26.133761,127.705152,matched
P0814,架空住所0814,26.132290,127.692987,matched
P0815,架空住所0815,26.145741,127.631631,matched
P0816,架空住所0816,26.120344,127.650792,matched
P0817,架空住所0817,26.110239,127.650829,matched
P0818,架空住所0818,26.085727,127.680619,matched
P0819,架空住所0819,26.091316,127.709846,matched
P0820,架空住所0820,26.144947,127.654248,matched
P0821,架空住所0821,26.132967,127.633636,matched
P0822,架空住所0822,26.140835,127.691405,matched
P0823,架空住所0823,26.125061,127.737643,matched
P0824,架空住所0824,26.111704,127.652178,matched
P0825,架空住所0825,26.081796,127.652260,matched
P0826,架空住所0826,26.142089,127.666553,matched
P0827,架空住所0827,26.148735,127.741852,matched
P0828,架空住所0828,26.102999,127.707728,matched
P0829,架空住所0829,26.142641,127.660533,matched
P0830,架空住所0830,26.112155,127.736867,matched
P0831,架空住所0831,26.145228,127.710481,matched
P0832,架空住所0832,26.101910,127.694244,matched
P0833,架空住所0833,26.147256,127.667685,matched
P0834,架空住所0834,26.153938,127.632376,matched
P0835,架空住所0835,26.134256,127.733019,matched
P0836,架空住所0836,26.091904,127.683960,matched
P0837,架空住所0837,26.105682,127.705431,matched
P0838,架空住所0838,26.091751,127.644163,matched
P0839,架空住所0839,26.123260,127.657552,matched
P0840,架空住所0840,26.144555,127.645389,matched
P0841,架空住所0841,26.159852,127.661201,matched
P0842,架空住所0842,26.159792,127.654721,matched
P0843,架空住所0843,26.120155,127.701575,matched
P0844,架空住所0844,26.129644,127.701578,matched
P0845,架空住所0845,26.113669,127.727689,matched
P0846,架空住所0846,26.087562,127.731027,matched
P0847,架空住所0847,26.146321,127.672345,matched
P0848,架空住所0848,26.156983,127.748746,matched
P0849,架空住所0849,26.152978,127.651881,matched
P0850,架空住所0850,26.119488,127.636448,matched
P0851,架空住所0851,26.132931,127.748442,matched
P0852,架空住所0852,26.089371,127.708865,matched
P0853,架空住所0853,26.081866,127.671280,matched
P0854,架空住所0854,26.106801,127.705681,matched
P0855,架空住所0855,26.159127,127.720489,matched
P0856,架空住所0856,26.155859,127.712317,matched
P0857,架空住所0857,26.081832,127.696353,matched
P0858,架空住所0858,26.134100,127.738646,matched
P0859,架空住所0859,26.126494,127.671035,matched
P0860,架空住所0860,26.098358,127.692189,matched
P0861,架空住所0861,26.085976,127.725635,matched
P0862,架空住所0862,26.112031,127.730148,matched
P0863,架空住所0863,26.092493,127.714436,matched
P0864,架空住所0864,26.101872,127.637650,matched
P0865,架空住所0865,26.101930,127.651594,matched
P0866,架空住所0866,26.107998,127.669333,matched
P0867,架空住所0867,26.107300,127.699606,matched
P0868,架空住所0868,26.101798,127.712485,matched
P0869,架空住所0869,26.122150,127.732603,matched
P0870,架空住所0870,26.121581,127.728102,matched
P0871,架空住所0871,26.155769,127.745302,matched
P0872,架空住所0872,26.156788,127.724564,matched
P0873,架空住所0873,26.140507,127.685101,matched
P0874,架空住所0874,26.130120,127.727275,matched
P0875,架空住所0875,26.113837,127.703027,matched
P0876,架空住所0876,26.111578,127.714191,matched
P0877,架空住所0877,26.142173,127.744619,matched
P0878,架空住所0878,26.101659,127.675772,matched
P0879,架空住所0879,26.137572,127.721937,matched
P0880,架空住所0880,26.081031,127.638503,matched
P0881,架空住所0881,26.082308,127.698341,matched
P0882,架空住所0882,26.147072,127.645784,matched
P0883,架空住所0883,26.144771,127.649804,matched
P0884,架空住所0884,26.115647,127.692061,matched
P0885,架空住所0885,26.117366,127.671105,matched
P0886,架空住所0886,26.086130,127.640813,matched
P0887,架空住所0887,26.105259,127.664763,matched
P0888,架空住所0888,26.106045,127.717928,matched
P0889,架空住所0889,26.126437,127.730368,matched
P0890,架空住所0890,26.106205,127.686700,matched
P0891,架空住所0891,26.145092,127.718985,matched
P0892,架空住所0892,26.140994,127.720056,matched
P0893,架空住所0893,26.154460,127.655126,matched
P0894,架空住所0894,26.142932,127.634527,matched
P0895,架空住所0895,26.153280,127.664149,matched
P0896,架空住所0896,26.156483,127.710317,matched
P0897,架空住所0897,26.105754,127.687483,matched
P0898,架空住所0898,26.098109,127.711881,matched
P0899,架空住所0899,26.102027,127.715754,matched
P0900,架空住所0900,26.085405,127.666062,matched
P0901,架空住所0901,26.145489,127.720872,matched
P0902,架空住所0902,26.114642,127.686317,matched
P0903,架空住所0903,26.128291,127.647356,matched
P0904,架空住所0904,26.143837,127.707815,matched
P0905,架空住所0905,26.086690,127.661954,matched
P0906,架空住所0906,26.111390,127.645227,matched
P0907,架空住所0907,26.102105,127.666473,matched
P0908,架空住所0908,26.106942,127.720351,matched
P0909,架空住所0909,26.152707,127.682573,matched
P0910,架空住所0910,26.088845,127.719285,matched
P0911,架空住所0911,26.123801,127.686449,matched
P0912,架空住所0912,26.122694,127.720749,matched
P0913,架空住所0913,26.157438,127.631876,matched
P0914,架空住所0914,26.124393,127.690026,matched
P0915,架空住所0915,26.149816,127.685226,matched
P0916,架空住所0916,26.106459,127.745152,matched
P0917,架空住所0917,26.145467,127.704144,matched
P0918,架空住所0918,26.128561,127.745524,matched
P0919,架空住所0919,26.142794,127.672164,matched
P0920,架空住所0920,26.126705,127.711263,matched
P0921,架空住所0921,26.082826,127.704894,matched
P0922,架空住所0922,26.146107,127.631114,matched
P0923,架空住所0923,26.159676,127.705360,matched
P0924,架空住所0924,26.105366,127.733121,matched
P0925,架空住所0925,26.139047,127.684100,matched
P0926,架空住所0926,26.138455,127.637465,matched
P0927,架空住所0927,26.095845,127.728819,matched
P0928,架空住所0928,26.117264,127.710636,matched
P0929,架空住所0929,26.111361,127.731979,matched
P0930,架空住所0930,26.139692,127.666751,matched
P0931,架空住所0931,26.135596,127.646775,matched
P0932,架空住所0932,26.085573,127.721015,matched
P0933,架空住所0933,26.153795,127.670242,matched
P0934,架空住所0934,26.109443,127.692987,matched
P0935,架空住所0935,26.139431,127.634577,matched
P0936,架空住所0936,26.141670,127.663139,matched
P0937,架空住所0937,26.087795,127.666824,matched
P0938,架空住所0938,26.153751,127.666513,matched
P0939,架空住所0939,26.083284,127.733128,matched
P0940,架空住所0940,26.110783,127.738950,matched
P0941,架空住所0941,26.108786,127.716291,matched
P0942,架空住所0942,26.150056,127.648774,matched
P0943,架空住所0943,26.120180,127.726463,matched
P0944,架空住所0944,26.097896,127.708425,matched
P0945,架空住所0945,26.081516,127.703880,matched
P0946,架空住所0946,26.082712,127.743221,matched
P0947,架空住所0947,26.134816,127.704698,matched
P0948,架空住所0948,26.123585,127.680259,matched
P0949,架空住所0949,26.107783,127.694387,matched
P0950,架空住所0950,26.132560,127.724700,matched
P0951,架空住所0951,26.091123,127.670123,matched
P0952,架空住所0952,26.156479,127.675914,matched
P0953,架空住所0953,26.147297,127.673533,matched
P0954,架空住所0954,26.146312,127.744674,matched
P0955,架空住所0955,26.103084,127.635317,matched
P0956,架空住所0956,26.134923,127.646567,matched
P0957,架空住所0957,26.103681,127.654049,matched
P0958,架空住所0958,26.101614,127.638825,matched
P0959,架空住所0959,26.138589,127.717929,matched
P0960,架空住所0960,26.129787,127.653528,matched
P0961,架空住所0961,26.107500,127.695996,matched
P0962,架空住所0962,26.156874,127.662022,matched
P0963,架空住所0963,26.107638,127.701721,matched
P0964,架空住所0964,26.088587,127.664504,matched
P0965,架空住所0965,26.111756,127.668599,matched
P0966,架空住所0966,26.080776,127.672347,matched
P0967,架空住所0967,26.092859,127.737892,matched
P0968,架空住所0968,26.135543,127.667424,matched
P0969,架空住所0969,26.109114,127.665749,matched
P0970,架空住所0970,26.157485,127.699167,matched
P0971,架空住所0971,26.120993,127.728528,matched
P0972,架空住所0972,26.085533,127.740707,matched
P0973,架空住所0973,26.107305,127.671994,matched
P0974,架空住所0974,26.100217,127.732495,matched
P0975,架空住所0975,26.102825,127.732805,matched
P0976,架空住所0976,26.113524,127.711327,matched
P0977,架空住所0977,26.112997,127.671871,matched
P0978,架空住所0978,26.119832,127.704365,matched
P0979,架空住所0979,26.118010,127.633003,matched
P0980,架空住所0980,26.126239,127.712482,matched
P0981,架空住所0981,26.104320,127.656221,matched
P0982,架空住所0982,26.140635,127.691655,matched
P0983,架空住所0983,26.126145,127.700798,matched
P0984,架空住所0984,26.096970,127.696788,matched
P0985,架空住所0985,26.145095,127.743796,matched
P0986,架空住所0986,26.139943,127.729930,matched
P0987,架空住所0987,26.115323,127.680166,matched
P0988,架空住所0988,26.150508,127.717175,matched
P0989,架空住所0989,26.153708,181.000000,matched
P0990,架空住所0990,26.082549,181.000000,matched
P0991,架空住所0991,26.124431,181.000000,matched
P0992,架空住所0992,91.000000,127.664632,matched
P0993,架空住所0993,91.000000,127.714536,matched
P0994,架空住所0994,91.000000,127.748473,matched
P0995,架空住所0995,,,town_not_found
P0996,架空住所0996,,,town_not_found
P0997,架空住所0997,,,town_not_found
P0998,架空住所0998,,,town_not_found
P0999,架空住所0999,,,town_not_found
P1000,架空住所1000,,,town_not_found
